{
  "Get Product List" : {
    "transaction" : "Get Product List",
    "sampleCount" : 300,
    "errorCount" : 0,
    "errorPct" : 0.0,
    "meanResTime" : 160.4800000000001,
    "medianResTime" : 180.5,
    "minResTime" : 30.0,
    "maxResTime" : 666.0,
    "pct1ResTime" : 281.0,
    "pct2ResTime" : 356.9,
    "pct3ResTime" : 607.8800000000001,
    "throughput" : 20.14639715264254,
    "receivedKBytesPerSec" : 888.1613946763146,
    "sentKBytesPerSec" : 2.6953675878047143
  },
  "Add a Product" : {
    "transaction" : "Add a Product",
    "sampleCount" : 300,
    "errorCount" : 96,
    "errorPct" : 32.0,
    "meanResTime" : 314.8500000000002,
    "medianResTime" : 308.0,
    "minResTime" : 285.0,
    "maxResTime" : 508.0,
    "pct1ResTime" : 331.0,
    "pct2ResTime" : 360.95,
    "pct3ResTime" : 488.7800000000002,
    "throughput" : 20.63699525349109,
    "receivedKBytesPerSec" : 17.875655117114945,
    "sentKBytesPerSec" : 4.836795762536974
  },
  "Total" : {
    "transaction" : "Total",
    "sampleCount" : 900,
    "errorCount" : 206,
    "errorPct" : 22.88889,
    "meanResTime" : 271.5677777777776,
    "medianResTime" : 305.0,
    "minResTime" : 30.0,
    "maxResTime" : 964.0,
    "pct1ResTime" : 336.0,
    "pct2ResTime" : 370.74999999999966,
    "pct3ResTime" : 877.8300000000002,
    "throughput" : 58.079504388229225,
    "receivedKBytesPerSec" : 902.904378549303,
    "sentKBytesPerSec" : 9.755541752710377
  },
  "Get a Single Product" : {
    "transaction" : "Get a Single Product",
    "sampleCount" : 300,
    "errorCount" : 110,
    "errorPct" : 36.666668,
    "meanResTime" : 339.37333333333316,
    "medianResTime" : 310.0,
    "minResTime" : 287.0,
    "maxResTime" : 964.0,
    "pct1ResTime" : 355.0,
    "pct2ResTime" : 452.94999999999976,
    "pct3ResTime" : 949.8200000000002,
    "throughput" : 20.427618139724906,
    "receivedKBytesPerSec" : 34.45026034573744,
    "sentKBytesPerSec" : 2.7728895717009396
  }
}