{
  "Get Product List" : {
    "transaction" : "Get Product List",
    "sampleCount" : 150,
    "errorCount" : 0,
    "errorPct" : 0.0,
    "meanResTime" : 145.70666666666668,
    "medianResTime" : 180.5,
    "minResTime" : 35.0,
    "maxResTime" : 520.0,
    "pct1ResTime" : 225.0,
    "pct2ResTime" : 236.34999999999997,
    "pct3ResTime" : 492.4600000000005,
    "throughput" : 10.046212577858148,
    "receivedKBytesPerSec" : 442.889112835711,
    "sentKBytesPerSec" : 1.34407336246735
  },
  "Add a Product" : {
    "transaction" : "Add a Product",
    "sampleCount" : 150,
    "errorCount" : 1,
    "errorPct" : 0.6666667,
    "meanResTime" : 302.61333333333346,
    "medianResTime" : 300.0,
    "minResTime" : 288.0,
    "maxResTime" : 489.0,
    "pct1ResTime" : 317.8,
    "pct2ResTime" : 321.45,
    "pct3ResTime" : 406.89000000000146,
    "throughput" : 10.195065588255284,
    "receivedKBytesPerSec" : 9.421740658771155,
    "sentKBytesPerSec" : 2.3894684972473326
  },
  "Total" : {
    "transaction" : "Total",
    "sampleCount" : 450,
    "errorCount" : 4,
    "errorPct" : 0.8888889,
    "meanResTime" : 257.6088888888887,
    "medianResTime" : 295.0,
    "minResTime" : 35.0,
    "maxResTime" : 877.0,
    "pct1ResTime" : 313.90000000000003,
    "pct2ResTime" : 321.0,
    "pct3ResTime" : 865.94,
    "throughput" : 28.97057876778472,
    "receivedKBytesPerSec" : 455.9384405378871,
    "sentKBytesPerSec" : 4.866151902401339
  },
  "Get a Single Product" : {
    "transaction" : "Get a Single Product",
    "sampleCount" : 150,
    "errorCount" : 3,
    "errorPct" : 2.0,
    "meanResTime" : 324.5066666666666,
    "medianResTime" : 300.0,
    "minResTime" : 288.0,
    "maxResTime" : 877.0,
    "pct1ResTime" : 318.8,
    "pct2ResTime" : 345.9999999999998,
    "pct3ResTime" : 877.0,
    "throughput" : 10.163290195812724,
    "receivedKBytesPerSec" : 22.406151013788197,
    "sentKBytesPerSec" : 1.3795872433769225
  }
}