{
  "Get Product List" : {
    "transaction" : "Get Product List",
    "sampleCount" : 100,
    "errorCount" : 0,
    "errorPct" : 0.0,
    "meanResTime" : 78.54999999999998,
    "medianResTime" : 54.0,
    "minResTime" : 34.0,
    "maxResTime" : 422.0,
    "pct1ResTime" : 203.60000000000002,
    "pct2ResTime" : 234.95,
    "pct3ResTime" : 421.7999999999999,
    "throughput" : 6.787023211619384,
    "receivedKBytesPerSec" : 299.2121485594543,
    "sentKBytesPerSec" : 0.9080294726482965
  },
  "Add a Product" : {
    "transaction" : "Add a Product",
    "sampleCount" : 100,
    "errorCount" : 0,
    "errorPct" : 0.0,
    "meanResTime" : 294.4099999999999,
    "medianResTime" : 292.0,
    "minResTime" : 273.0,
    "maxResTime" : 371.0,
    "pct1ResTime" : 309.9,
    "pct2ResTime" : 318.74999999999994,
    "pct3ResTime" : 370.7399999999999,
    "throughput" : 7.043741635556808,
    "receivedKBytesPerSec" : 6.523165105303938,
    "sentKBytesPerSec" : 1.650876945833627
  },
  "Total" : {
    "transaction" : "Total",
    "sampleCount" : 300,
    "errorCount" : 0,
    "errorPct" : 0.0,
    "meanResTime" : 233.61000000000004,
    "medianResTime" : 289.0,
    "minResTime" : 34.0,
    "maxResTime" : 852.0,
    "pct1ResTime" : 308.90000000000003,
    "pct2ResTime" : 332.74999999999994,
    "pct3ResTime" : 836.8000000000002,
    "throughput" : 19.618100967826315,
    "receivedKBytesPerSec" : 308.9652933314805,
    "sentKBytesPerSec" : 3.295227896939576
  },
  "Get a Single Product" : {
    "transaction" : "Get a Single Product",
    "sampleCount" : 100,
    "errorCount" : 0,
    "errorPct" : 0.0,
    "meanResTime" : 327.8700000000001,
    "medianResTime" : 295.0,
    "minResTime" : 275.0,
    "maxResTime" : 852.0,
    "pct1ResTime" : 332.5,
    "pct2ResTime" : 813.8499999999999,
    "pct3ResTime" : 851.91,
    "throughput" : 6.845095489082072,
    "receivedKBytesPerSec" : 15.29852103155589,
    "sentKBytesPerSec" : 0.9291682353343829
  }
}