{
  "Get Product List" : {
    "transaction" : "Get Product List",
    "sampleCount" : 200,
    "errorCount" : 0,
    "errorPct" : 0.0,
    "meanResTime" : 237.99500000000003,
    "medianResTime" : 215.0,
    "minResTime" : 48.0,
    "maxResTime" : 761.0,
    "pct1ResTime" : 461.70000000000005,
    "pct2ResTime" : 605.9,
    "pct3ResTime" : 736.7600000000002,
    "throughput" : 13.330667199893355,
    "receivedKBytesPerSec" : 587.6883868018062,
    "sentKBytesPerSec" : 1.783497467173232
  },
  "Add a Product" : {
    "transaction" : "Add a Product",
    "sampleCount" : 200,
    "errorCount" : 25,
    "errorPct" : 12.5,
    "meanResTime" : 325.2449999999997,
    "medianResTime" : 310.0,
    "minResTime" : 286.0,
    "maxResTime" : 510.0,
    "pct1ResTime" : 394.40000000000003,
    "pct2ResTime" : 411.84999999999997,
    "pct3ResTime" : 483.8900000000001,
    "throughput" : 13.574967759451571,
    "receivedKBytesPerSec" : 12.245774261012691,
    "sentKBytesPerSec" : 3.181633068621462
  },
  "Total" : {
    "transaction" : "Total",
    "sampleCount" : 600,
    "errorCount" : 51,
    "errorPct" : 8.5,
    "meanResTime" : 299.0000000000007,
    "medianResTime" : 305.5,
    "minResTime" : 48.0,
    "maxResTime" : 761.0,
    "pct1ResTime" : 405.69999999999993,
    "pct2ResTime" : 457.59999999999945,
    "pct3ResTime" : 685.6900000000003,
    "throughput" : 38.18494240437854,
    "receivedKBytesPerSec" : 598.5799850243429,
    "sentKBytesPerSec" : 6.413877044485458
  },
  "Get a Single Product" : {
    "transaction" : "Get a Single Product",
    "sampleCount" : 200,
    "errorCount" : 26,
    "errorPct" : 13.0,
    "meanResTime" : 333.76000000000005,
    "medianResTime" : 312.5,
    "minResTime" : 288.0,
    "maxResTime" : 753.0,
    "pct1ResTime" : 392.8,
    "pct2ResTime" : 440.79999999999995,
    "pct3ResTime" : 598.6200000000003,
    "throughput" : 13.604516699544249,
    "receivedKBytesPerSec" : 27.751951929290524,
    "sentKBytesPerSec" : 1.8467068566764164
  }
}